{
  "name": "Instagram Video Downloader",
  "short_name": "InstaDownloader",
  "description": "Download Instagram videos easily with our free online video downloader.",
  "start_url": "/",
  "display": "standalone",
  "background_color": "#ffffff",
  "theme_color": "#4285f4",
  "icons": [
    {
      "src": "/images/android-chrome-192x192.png",
      "sizes": "192x192",
      "type": "image/png"
    },
    {
      "src": "/images/android-chrome-512x512.png",
      "sizes": "512x512",
      "type": "image/png"
    }
  ],
  "related_applications": [],
  "prefer_related_applications": false,
  "scope": "/",
  "orientation": "portrait",
  "lang": "en-US",
  "dir": "ltr",
  "categories": ["Internet"],
  "keywords": [
    "Instagram video downloader",
    "download IG videos",
    "Instagram video saver"
  ],
  "author": "riad-azz",
  "copyright": "© 2023 riad-azz. All rights reserved.",
  "rating": "General",
  "apple-mobile-web-app-title": "InstaDownloader",
  "apple-mobile-web-app-status-bar-style": "black-translucent"
}
